dir,ean,product_id,reference,name,images,note
8715839025118,8715839025118,10,24.75.02.00,Rowerek biegowy BERG Biky biały,4,
8715839068344,8715839068344,13,24.30.21.00,Gokart na pedały BERG Buzzy AERO,1,
8715839027990,8715839027990,16,24.20.61.02,Gokart na pedały dla dziewczynki BERG Buddy biały,7,
8715839026948,8715839026948,17,24.21.24.01,Gokart na pedały BERG Buddy John Deere,2,
8715839056587,8715839056587,20,24.21.64.00,Gokart na pedały BERG BMW Street Racer,8,
8715839042085,8715839042085,25,24.20.00.01,BERG Przyczepka Junior do gokartów Buddy i Rally bez haka,2,
8715839042092,8715839042092,26,16.24.30.00,"Hak do przyczepki Junior, Buddy, BMW BERG",2,
8715839042122,8715839042122,28,16.24.70.00,Zestaw oświetleniowy do Buddy BERG,3,
8715839042146,8715839042146,29,16.24.20.00,Obudowa koguta do gokartów firmy BERG niebieska,2,
8715839042139,8715839042139,30,16.99.42.00,Flaga Buddy BERG z uchwytem,3,
8715839053692,8715839053692,38,28.24.00.00,Gokart na pedały BERG Buddy Pro,2,
8715839070101,8715839070101,45,07.10.08.01,Gokart na pedały BERG X-Cross BFR,2,
8715839022094,8715839022094,61,18.07.91.00,BERG Plandeka na wózek plażowy L,2,
8715839071184,8715839071184,90,35.14.94.01,Trampolina BERG Favorit 430 z siatką Comfort,12,
8718469462117,8718469462117,95,41.01.10.00,Bramka do piłki nożnej dla dzieci Panna EXIT,8,
8718469460755,8718469460755,100,45.01.10.00,Striker do gry w piłkę nożną EXIT,14,
8718469462384,8718469462384,104,40.00.02.00,Bramka do piłki nożnej Flexx składana EXIT 2 szt,4,
8718469469871,8718469469871,105,45.80.05.01,Piłka do gry w piłkę nożna EXIT (ø23 cm),2,
8718469463831,8718469463831,108,41.09.10.00,Bramka do piłki nożnej Forza EXIT,2,
8718469462360,8718469462360,117,40.00.01.00,Bramka do piłki nożnej Flexx składana EXIT,5,
5413858231147,5413858231147,125,23114,Latawiec Quito 130,1,
latawiec-delta-tropical-didakites,,126,13810,Latawiec delta tropical Didakites,1,"no EAN, name used"
5413858231826,5413858231826,128,23182,Latawiec Dwulinkowy outsider Didakites 8+,2,
5413858231161,5413858231161,129,23116,Latawiec dwulinkowy Funky Didakites,2,
5413858231567,5413858231567,130,23156,Latawiec dwulinkowy breezer Didakites 8+,1,
5413858231819,5413858231819,131,23181,Latawiec dwulinkowy akrobacyjny eagle Didakites 8+,2,
5413858131409,5413858131409,133,13140,Latawiec delta spinner Didakites,1,
latawiec-dwulikowy-match-didakites,,134,21120,Latawiec dwulikowy match Didakites,1,"no EAN, name used"
latawiec-funky-surf,,136,23117,Latawiec Funky Surf,3,"no EAN, name used"
mini-sled-latawiec,,138,11003,Mini sled latawiec,0,"no EAN, name used; NO IMAGES"
latawiec-dwulinkowy-moby-didakites,,139,23146,Latawiec dwulinkowy Moby Didakites,1,"no EAN, name used"
8717775440109,8717775440109,144,GA010,Gra w rzucanie pierścieniami Buiten Speel,1,
6941213787750,6941213787750,147,GA018,Huśtawka drewniana spodek Buiten Speel,2,
8717775440284,8717775440284,149,GA028,Worki do skakania Buiten Speel,5,
8717775440390,8717775440390,150,GA039,Domek dla ptaków do malowania Buiten Speel,3,
8717775440543,8717775440543,152,GA054,Mega karty do gry XXL Buiten Speel,4,
8717775441171,8717775441171,153,GA061,Szkolna kolorowa kreda Buiten Speel,1,
8717775440826,8717775440826,154,GA082,Domino czarno białe Buiten Speel,5,
8717775440390-dup-155,8717775440390,155,GA088,Gra w rzutki Buiten Speel,5,"duplicate EAN, also product 150"
8717775440956,8717775440956,157,GA095,Namiot dla dzieci księżniczka Buiten Speel,5,
8717775440963,8717775440963,158,GA096,Namiot dla dzieci Pirat,5,
8717775441137,8717775441137,159,GA113,Duże Puzzle Thomas & Friends Buiten Speel,2,
8717775441250,8717775441250,163,GA125,Szczudła dla dzieci Buiten Speel,2,
skakanka-sznurkowa-zielono-niebieska,,164,GA127,Skakanka sznurkowa zielono niebieska,3,"no EAN, name used"
8717775441311,8717775441311,166,GA131,Puszki gra zręcznościowa rzucanie w niebieskie puszki Buiten Speel,6,
8717775441335,8717775441335,167,GA133,Gra plenerowa Chusta animacyjna Buiten Speel,4,
8717775441489,8717775441489,173,GA148,Gra kręgle dla dzieci Buiten Speel,5,
8716775441175,8716775441175,175,GA150,Szablony do malowania Buiten Speel,2,
8717775441519,8717775441519,176,GA151,Zmywalne kolorowanki w rozmiarze XL Buiten Speel,2,
8717775442352,8717775442352,177,GA154,Gra w golfa dla dzieci Buiten Speel,2,
8717775441571,8717775441571,179,GA157,Zestaw wiadro - winda Buiten Speel,2,
871775441656,871775441656,185,GA165,Gra warcaby Deluxe Buiten Speel,2,
8717775441687,8717775441687,186,GA168,Tennis dla najmłodszych Buiten Speel,1,
8717775441700,8717775441700,187,GA170,Bumerang trójramienny Buiten Speel,1,
8717775441724,8717775441724,188,GA172,Piłka do Rugby Buiten Speel,2,
8717775441731,8717775441731,189,GA173,Rybki do nurkowania,5,
8717775441786,8717775441786,192,GA178,Zestaw piłek do gry Buiten Speel (4 szt),2,
8717775441908,8717775441908,193,GA190,Gra traf w dziesiątkę Buiten Speel,5,
8717775442059,8717775442059,201,GA205,Gra celuj w zwierzaczki-wieszaczki Buiten Speel,4,
8717775442066,8717775442066,202,GA206,Zestaw edukacyjny do zabawy w piasku do nauki J. Angielskiego Buiten Speel,2,
8717775442097,8717775442097,204,GA209,Gra kwartet rodzinny Buiten Speel,5,
8717775442103,8717775442103,205,GA210,Gra zabawka stwórz własnego dinozaura Buiten Speel,3,
8717775442110,8717775442110,206,GA211,Zabawka stwórz własnego robota Buiten Speel,3,
8717775442127,8717775442127,207,GA212,Zabawka stwórz własnego busa Buiten Speel,3,
8717775442355,8717775442355,208,GA216,Gra rzut do pudełka Buiten Speel,2,
8717775442196,8717775442196,210,GA219,Skoczek niebieska dmuchana krówka Buiten Speel,6,
skakanka-rozowa-buiten-speel,,213,GA228,Skakanka różowa Buiten Speel,3,"no EAN, name used"
8717775442332,8717775442332,218,GA233,Gra w kulki Buiten Speel,5,
8717775442356,8717775442356,219,GA235,Duże puzzle drewniane żyrafa Buiten Speel,5,
8717775442354,8717775442354,220,GA236,Duże puzzle drewniane słoń Buiten Speel,5,
8717775442387,8717775442387,222,GA238,Sztylet drewniany dla dzieci Buiten Speel 30 cm,4,
8717775442394,8717775442394,223,GA239,Tarcza drewniana do zabawy w rycerza dla dzieci Buiten Speel,3,
8717775442431,8717775442431,225,GA243,Woreczki literki - Alfabet dla dzieci Buiten Speel,5,
8717775442448,8717775442448,226,GA244,Szablony zwierząt do odrysowania Buiten Speel,4,
8717775442479,8717775442479,228,GA247,Siatka do łowienia ryb Buiten Speel,3,
8717775442493,8717775442493,229,GA249,Namiot dla dzieci Tipi Buiten Speel,6,
8717775442353,8717775442353,231,GA251,Duże puzzle drewniane Świat Buiten Speel,2,
5903899244003,5903899244003,232,RDOG,Drewiany jeździk dla dzieci piesek pluto Gepetto,2,
5903899244010,5903899244010,233,RGIRAFFE,Drewiany jeździk dla dzieci żyrafa Gepetto,2,
5903899244027,5903899244027,234,RLADYBUG,Drewniany jeździk dla dzieci biedronka Gepetto,2,
5903899244119,5903899244119,236,CHESTP,Skrzynia kufer dla dzieci pirat Gepetto,2,
5903899244133,5903899244133,238,SPARROT,Drewniana huśtawka dla dzieci papuga Gepetto,2,
5903899244157,5903899244157,239,SCOCK,Drewniana huśtawka dla dzieci kogucik Gepetto,2,
5903899244164,5903899244164,240,MINISEATR,Fotelik piankowy dla dzieci czewony Gepetto,2,
5903899244171,5903899244171,241,MINISEATG,Fotelik piankowy dla dzieci zielony Gepetto,2,
5903899244188,5903899244188,242,MINISEATB,Fotelik piankowy dla dzieci niebieski Gepetto,2,
5903899244201,5903899244201,244,MINISOFAG,Sofa piankowa rozkładana dla dzieci materac zielona Gepetto,6,
5903899244218,5903899244218,245,MINISOFAB,Sofa piankowa rozkładana dla dzieci materac niebieska Gepetto,2,
5903899244249,5903899244249,248,MAXISOFAB,Sofa piankowa rozkładana dla dzieci materac niebieska Gepetto,2,
4260419390147,4260419390147,249,SN12,Pufa worek fotelik siedzisko dla dzieci czerwone Gepetto,6,
pufa-worek-fotelik-siedzisko-dla-dzieci-rozowe-gepetto,,250,SN13,Pufa worek fotelik siedzisko dla dzieci różowe Gepetto,6,"no EAN, name used"
4260419390130,4260419390130,251,SC11,Pufa worek fotelik siedzisko dla dzieci niebieski Gepetto,7,
4260237362043,4260237362043,281,BF204,Mebel muzyczny BAFF Cajon Stołek perkusyjny,7,
4260237362111,4260237362111,282,BF211,Stołek perkusyjny BAFF Cajon,6,
4260237364160,4260237364160,283,BF416,Mebel pufka muzyczna BAFF Cajon,8,
sunsport-bramka-do-piki-noznej-skadana,,284,516-1320,Sunsport Bramka do piłki nożnej składana,1,"no EAN, name used"
739601110114,739601110114,287,511-010,Kubb original,3,
8718469468768,8718469468768,292,41.01.20.00,Zestaw bramek do piłki nożnej Panna EXIT,2,
8718469460731,8718469460731,294,43.03.10.00,Bramka treningowa trenażer Kickback rebounder 124x124 (L) EXIT,2,
8718469460724,8718469460724,295,43.01.10.00,Bramka treningowa trenażer Kickback rebounder 84x84 (M) EXIT,2,
8718469464425,8718469464425,297,46.01.11.00,Kosz do koszykówki naścienny Galaxy EXIT elastyczna obręcz,5,
8715839056037,8715839056037,315,51.29.00.11,Błotniki przednie i tylne do BERG Gran Tour,2,
8718469468942,8718469468942,319,52.05.10.05,Stół piknikowy aksent EXIT (2 ławki),2,
8715839010473,8715839010473,328,15.09.03.00,Przekładnia AF do gokartów BERG,2,
8715839029321,8715839029321,330,56.61.12.25,Drążki sterownicze i osie kół Compact Berg,1,
8715839080865,8715839080865,332,56.62.51.35,Zestaw drążków kierowniczych do gokartów BERG Buddy,2,
8715839053128,8715839053128,335,35.99.58.01,Pokrowiec Grand Champion owalny do trampoliny BERG,1,
8715839058086,8715839058086,337,35.99.28.00,Pokrowiec Basic 240 do trampolin Talent BERG,1,
8715839058079,8715839058079,341,35.99.26.00,Pokrowiec Basic 180 do trampolin Talent BERG,1,
8715839055993,8715839055993,346,15.23.12.01,Licznik cyfrowy do gokartów BERG,2,
8715839046632,8715839046632,347,15.24.10.01,Syrena policyjna i megafon do dużych gokartów BERG,1,
drewniany-jezdzik-dla-dzieci-dinozaur-gepetto,,350,RDINO,Drewniany jeździk dla dzieci dinozaur Gepetto,3,"no EAN, name used"
5903899244041,5903899244041,351,RHORSE,Drewniany jeździk dla dzieci konik Gepetto,2,
5903899244058,5903899244058,352,RLION,Drewniany Jeździk dla dzieci lew Gepetto,2,
5903899244065,5903899244065,353,RCAR1,Drewniany Jeździk dla dzieci rowerek zielony Gepetto,2,
drewniany-jezdzik-dla-dzieci-rowerek-czerwony-gepetto,,354,RCARL,Drewniany Jeździk dla dzieci rowerek czerwony Gepetto,2,"no EAN, name used"
5903899244089,5903899244089,355,ROZEBRA,Bujaczek dla dzieci zebra Gepetto,2,
5903899244096,5903899244096,356,ROSHEEP,Bujaczek dla dzieci owca Gepetto,2,
5903899244126,5903899244126,357,STOUCAN,Drewniana huśtawka dla dzieci tukan Gepetto,2,
4260419390178,4260419390178,361,SN15,Pufa siedzisko dla dziecka różowe Gepetto,7,
4260419390291,4260419390291,363,SN22,Pufa siedzisko dla dziecka niebieskie Gepetto,6,
8718469467006,8718469467006,368,18.00.10.00,Znak ostrzegawczy mur X-Man EXIT,14,
8718469460045,8718469460045,369,20.10.05.01,Gokart trójkołowiec Triker Lady Rocker EXIT,4,
8718469469437,8718469469437,370,52.90.10.00,Zestaw piknikowy Junior (L) EXIT (stolik+2 stołki),2,
8718469469444,8718469469444,371,52.90.20.00,Zestaw piknikowy Junior (XL) EXIT (stolik+4 stołki),2,
8718469465903,8718469465903,373,52.15.06.00,Rabatka plantator dla dzieci Aksent (XL) EXIT,6,
8715839051520,8715839051520,384,51.30.12.17,"Pokrowiec na sprężyny Favorit 380 (12,5 ft)",1,
8715839043594,8715839043594,386,35.80.14.00,Siatka zabezpieczająca dolna 430 do trampolin BERG,2,
8715839050790,8715839050790,388,15.37.08.00,Fotel pasażera do gokarta X-Cross BERG,1,
8715839049664,8715839049664,399,51.30.74.74,Siatka ochronna Comfort 430 (14ft),1,
8715839049428,8715839049428,400,43.42.00.72,Opona terenowa 460/165-8,1,
8715839049497,8715839049497,401,43.42.00.79,Opona do gokartów BERG Radiall 400/100-8,1,
8715839049503,8715839049503,403,43.42.00.80,Opona do gokartów BERG Slick 400/140x8,2,
8715839049558,8715839049558,406,43.42.00.85,Opona Slick 320/60-8,2,
8715839049411,8715839049411,408,43.42.00.71,Opona terenowa 650x8 do gokartów na pedały Berg,1,
8715839029161,8715839029161,410,52.31.06.01,Obudowa łańcucha do gokartów BERG (do roku 2014),1,
8715839029147,8715839029147,411,52.02.15.00,Tylna osłona łańcucha (gokarty do 2014 rok),1,
8715839052039,8715839052039,424,51.42.00.04,Dętka 12x9 do gokartów BERG Ford Mustang/BMW,2,
8718469460670,8718469460670,428,20.15.02.00,Gokart trójkołowiec Triker Pro 50 EXIT (czarny),2,
8718469460076,8718469460076,429,20.20.00.01,Gokart trójkołowiec Triker Pro 100 EXIT (czerwony),6,
8718469466634,8718469466634,433,41.55.80.00,Siatka ochronna do boiska Panna EXIT (ø16Ft),5,
8718469469413,8718469469413,434,41.55.92.00,Boisko Panna EXIT - elementy dodatkowe (5 ft),4,
8718469464388,8718469464388,437,45.80.03.00,Mini piłka z pianki (ø15cm) EXIT,2,
8718469460717,8718469460717,439,42.03.10.00,Bramka hokejowa Sniper Ice EXIT,4,
8718469468690,8718469468690,444,52.99.30.00,Parasol przeciwsłoneczny EXIT,5,
8718469466955,8718469466955,453,46.65.10.00,Kosz do koszykówki Comet EXIT (mobilny),8,
8718469469024,8718469469024,461,52.05.10.45,Piaskownica cedrowa z wanienkami Stół piknikowy aksent EXIT (2 ławki+parasol+narzędzia),6,
8718469468370,8718469468370,473,52.05.03.00,Piaskownica cedrowa stół z miską na piasek i wodę Aksent (M) EXIT,11,
8718469460830,8718469460830,474,52.05.05.00,Stół z miskami na piasek i wodę Aksent (L) EXIT,9,
8718469468430,8718469468430,475,52.05.05.45,Piaskownica cedrowa stół piknikowy Aksent EXIT (parasol+narzędzia),7,
8718469468782,8718469468782,476,52.05.08.05,Piaskownica cedrowa z wanienkami na wodę Stół piknikowy aksent EXIT (1 ławeczka),15,
8718469468911,8718469468911,477,52.05.08.45,Stół piknikowy aksent EXIT (1 ławka+parasol+narz),3,
gra-familijna-chinczyk-xxl-buiten-speel,,480,GA166,Gra familijna Chińczyk XXL Buiten Speel,4,"no EAN, name used"
8717775442547,8717775442547,484,GA254,Klocki sportowe Buiten Speel,5,
8717775442554,8717775442554,485,GA255,"Zestaw koło, puzzle, klocki Buiten Speel",7,
8717775442561,8717775442561,486,GA256,Gra układanka klocki Mini Zoo Buiten Speel,4,
8717775442592,8717775442592,488,GA259,Gra rzutki magnetyczne Buiten Speel,5,
8717775442677,8717775442677,492,GA267,Gra rzucanie dyskiem Buiten Speel,2,
8717775442691,8717775442691,493,GA269,Golf Buiten Speel,5,
8717775442721,8717775442721,495,GA272,Gra  zbierz wszystkich bohaterów Buiten Speel,3,
8715839061338,8715839061338,501,07.50.00.01,Rama XL do gokartów BFR BERG,1,
8715839048544,8715839048544,507,43.42.00.21,Koło 400/100-8 Radiall do gokarta Black Edition BFR BERG,1,
8715839066951,8715839066951,509,51.42.00.23,Opona do gokarta BERG Rally 12x9,2,
8715839043709,8715839043709,515,35.99.43.03,Pokrowiec Basic 430 do trampolin BERG,1,
8715839026986,8715839026986,517,42.26.12.23,Opona Slick 12.5 x 2.25 Buddy BERG (biały pasek),2,
8715839054576,8715839054576,521,51.15.00.30,Komplet błotników tylnych czarnych 90° do gokartów BERG,1,
8715839045598,8715839045598,526,51.32.01.00,Dętka 400/650x8 do dużych gokartów BERG,2,
8715839041231,8715839041231,528,58.62.00.00,"Przedni mechanizm korba z zębatką, korba, pedały do Rally",1,
8715839056082,8715839056082,532,51.42.00.11,Opona do gokarta GranTour BERG 2.75-17,1,
8715839012637,8715839012637,533,56.01.10.30,Suport do gokartów BERG,2,
8715839012040,8715839012040,538,56.09.01.00,Uchwyt do flagi do gokartów na pedały Berg Binky,1,
8715839047141,8715839047141,539,50.99.42.01,Flaga do dużych gokartów Berg,2,
8715839066296,8715839066296,540,42.26.10.01,Opona do gokartów Jeep Adventure BERG,2,
8715839070408,8715839070408,548,51.24.20.25,"Zębatka, oś do gokartów BERG Buddy + klin",1,
8715839056242,8715839056242,551,51.29.00.28,Tylne sztyce siedzenia (2 sztuki w komplecie) BERG Gran Tour,1,
8715839074413,8715839074413,553,51.29.00.42,Zębatka 23 zęby,1,
8715839045574,8715839045574,558,51.30.01.00,Dętka 300x4 do małych gokartów BERG,1,
8715839066302,8715839066302,559,51.42.00.20,Dętka 12x9 do gokarta BERG Rally/Jeep Adventure,1,
8715839024364,8715839024364,563,42.26.12.21,Opona Slick 12.5x2.25 do buddy BERG (czarna),1,
8715839056204,8715839056204,566,51.29.00.24,Wymienna oś tylna lewa do BERG Gran Tour,1,
8715839056211,8715839056211,567,51.29.00.25,Wymienna oś tylna prawa,1,
8715839024616,8715839024616,568,58.62.16.05,Łącznik kierownicy gokarta BERG buddy,1,
8718469461431,8718469461431,570,65.56.07.00,Gumowe rączki do trójkołowca Triker EXIT,1,
8715839050813,8715839050813,574,15.37.10.00,Fotel pasażera do gokarta X-Plore BERG,1,
8715839056280,8715839056280,575,51.29.00.31,Przekładnia do GranTour F (od 2015),1,
8715839045581,8715839045581,576,51.31.01.00,Dętka 400x4 do gokartów na pedały BERG,1,
8715839070439,8715839070439,581,51.24.20.28,Zaślepki czarne z łożyskami do kół BERG Buddy,1,
8715839055900,8715839055900,585,51.42.00.06,Opona do gokartów Buddy Pro BERG,1,
8715839065916,8715839065916,586,51.07.00.80,Sztyca siedzenia do dużego gokarta BERG,1,
8715839011951,8715839011951,587,15.24.02.00,Trąbka dwutonowa do gokarta BERG,2,
8715839051964,8715839051964,588,15.24.80.01,Migacz na pałąk ochronny tylny do gokartów na pedały BERG,1,
8715839050714,8715839050714,590,15.37.00.00,Fotel pasażera do gokarta Extra Sport BERG niebieski,2,
8715839073614,8715839073614,593,15.00.30.00,Fotel pasażera czarny do gokartów na pedały Berg,1,
8715839027129,8715839027129,597,56.62.50.35,Zawieszenia kół do gokartów BERG Buddy,2,
8715839024180,8715839024180,609,56.62.67.00,"Drążek kierowniczy do gokarta BERG Rally, Ford Mustang, Jeep Adventure",2,
8715839048322,8715839048322,610,58.62.22.29,Przednia rama do Buddy pomarańczowy,2,
8715839056068,8715839056068,622,51.29.00.14,Łańcuch do gokarta 142,1,
8715839056853,8715839056853,631,40.01.10.17,Mechanizm korbowy do gokarta na pedały BERG Buddy,1,
8715839044775,8715839044775,632,40.01.12.10,Komplet pedałów FP-619 Buddy,1,
8715839024845,8715839024845,639,56.62.02.25,Części zamienne do gokartów BERG buddy,1,
8715839044157,8715839044157,644,56.30.08.00,Gumy montażowe do pokrowca sprężyn (10x),1,
8715839051841,8715839051841,647,51.07.00.40,Przekładnia BFR-3 do gokartów BERG,1,
8715839051834,8715839051834,648,51.07.00.39,Manetka zmiany biegów do gokartów BERG z przekładnią BFR-3,1,
8715839059427,8715839059427,656,24.30.01.00,Gokart dla dzieci BERG Buzzy Nitro,2,
pierscien-stalowy-z-zebami-wewnetrzny-do-przekadni-af,,660,50.01.28.04,"Pierścień stalowy z zębami, wewnętrzny do przekładni AF",1,"no EAN, name used"
8718469460243,8718469460243,666,50.01.02.00,Domek dla dziecka Loft 100 EXIT (zielony),5,
8718469466641,8718469466641,668,50.99.10.00,Kwietnik flora EXIT (zestaw 3 szt),2,
8715839019476,8715839019476,682,15.20.01.00,Oświetlenie led przednie do dużych gokartów BERG,1,
8715839011883,8715839011883,683,15.20.10.00,Oświetlenie led tylne białe do gokartów BERG,1,
8715839011890,8715839011890,684,15.20.20.00,Oświetlenie led tylne czerwone do gokartów BERG,1,
8715839019483,8715839019483,687,15.20.45.00,Zestaw oświetleniowy led + baterie do gokartów BERG,2,
8715839050370,8715839050370,691,15.24.70.01,Migacz na pałąku do dużych gokartów BERG (pomarańczowy),2,
8715839046564,8715839046564,693,15.60.40.01,Podnośnik przedni do gokartów BERG,2,
8715839047745,8715839047745,695,15.60.55.01,Widlak do dużych gokartów BERG,2,
8715839051636,8715839051636,697,15.63.01.00,Pałąk ochronny Traxx do gokartów BERG,1,
8715839050912,8715839050912,698,15.63.40.00,Komin tłumik do gokartów BERG Traxx,1,
8715839051414,8715839051414,699,15.63.41.00,Nakładki na hamulce do gokartów BERG,1,
8715839016673,8715839016673,701,15.99.00.00,Pokrowiec do gokartów BERG,2,
8715839052343,8715839052343,702,15.63.50.00,Boczne osłony do gokartów BERG Race BFR/BFR-3,1,
8715839012064,8715839012064,704,56.09.03.00,Uchwyt do flagi do gokartów na pedały Berg (uniwersalny),1,
8715839053227,8715839053227,707,15.63.23.00,Koło zapasowe do gokartów X-plore BERG,1,
8715839050806,8715839050806,715,15.37.09.00,Fotel pasażera do gokarta Race BERG,1,
8715839052091,8715839052091,750,35.09.47.02,Trampolina BERG InGround Favorit 270 zielona,6,
8715839058048,8715839058048,775,35.75.26.00,Siatka zabezpieczająca Comfort 180 BERG,1,
8715839062342,8715839062342,778,35.74.09.02,Siatka zabezpieczająca Comfort 270 BERG,1,
8715839043686,8715839043686,790,35.99.33.03,Pokrowiec Basic 330 do trampolin BERG,1,
8715839058482,8715839058482,793,35.90.06.00,Drabinka S do trampolin BERG,1,
8715839072570,8715839072570,794,35.90.05.00,Drabinka M do trampolin BERG 270 i 300 cm,1,
8718469463244,8718469463244,918,10.09.08.02,Trampolina ogrodowa Interra 244 EXIT (szara),1,
8718469463732,8718469463732,953,11.08.14.01,Siatka zabezpieczająca Contour 427 EXIT,3,
trampolina-twist-183-zielono-szara,,956,12.91.06.01,Trampolina Twist 183 (zielono-szara),7,"no EAN, name used"
8718469466153,8718469466153,961,12.92.06.01,Trampolina EXIT za siatką zabezpieczającą i grą Twist 183 (6ft) (różowo-szara),3,
8715839054521,8715839054521,1008,51.15.00.25,Siedzenie do gokartów Case IH Berg,1,
4260286361301,4260286361301,1014,P552001,Pedalo Classic do równowagi i koordynacji!,4,
8718469460540,8718469460540,1019,11.40.40.00,Drabinka L do trampolin EXIT,2,
8718469464579,8718469464579,1035,11.25.14.01,Pokrowiec ochronny do trampoliny owalnej EXIT,3,
8718469460595,8718469460595,1042,11.31.10.01,Siatka dolna do trampolin 305 EXIT,2,
8715839058598,8715839058598,1051,07.12.00.00,Gokart na pedały BERG Duo Chopper,2,
8715839057744,8715839057744,1052,24.30.11.00,Gokart na pedały BERG Buzzy John Deere,2,
4260286360649,4260286360649,1057,P143224,pedalo® narty letnie 160 cm dla czterech osób,2,
4260286360663,4260286360663,1058,P143018,pedalo® narty letnie 160 cm dla czterech osób,4,
4260286360656,4260286360656,1059,P143016,pedalo® narty letnie 80 cm dla dwóch osób,2,
4260286360632,4260286360632,1060,P143222,pedalo® narty letnie 80 cm dla dwóch osób,2,
4260286362230,4260286362230,1066,P13003050,Pedalo® Spring Board 50,3,
4260286361387,4260286361387,1070,P653166,pedalo® krążek do ćwiczeń równowagi 32 cm,3,
4260286361349,4260286361349,1071,P653155,"pedalo® krążek, kołyska do ćwiczeń równowagi 22 cm",3,
8715839051766,8715839051766,1083,51.07.00.32,Zębatka z korbami i pedałami 140 36T,2,
puzzle-poduszkowe-gepetto,,1087,05.07.03.00,Puzzle poduszkowe Gepetto,1,"no EAN, name used"
3715839023367,3715839023367,1089,15.20.46.00,Oświetlenie Racing do gokartów Berg,1,
8715839010657,8715839010657,1091,18.27.10.00,Podnośnik do gokartów BERG  (bez podwozia),1,
8715839019551,8715839019551,1092,18.28.34.00,Ławeczka drewniana dla dwóch osób (bez podwozia),1,
fotelik-piankowy-dla-dzieci-pomaranczowy-gepetto,,1093,05.07.06.00-orange,Fotelik piankowy dla dzieci pomarańczowy Gepetto,1,"no EAN, name used"
8715839012057,8715839012057,1094,56.09.02.00,Uchwyt do flagi Chopper / Sun-set,1,
83428201093,83428201093,1097,81091-red,Oball aktywna rączka 15 cm czerwony,1,
fotelik-piankowy-rozkadany-dla-dzieci-materac-biedronka-gepetto,,1098,SN23,Fotelik piankowy rozkładany dla dzieci materac biedronka Gepetto,6,"no EAN, name used"
8854740056047,8854740056047,1099,PT5604,Balansujący tor kulowy Plan Toys,4,
8715839056075,8715839056075,1118,51.42.00.10,Dętka do gokarta GranTour BERG 2.75-17,2,
8715839056112,8715839056112,1123,50.53.08.00,Pas bezpieczeństwa do gokartów BERG Gran Tour,2,
7392601153203,7392601153203,1131,515-040,Zestaw do piłki siatkowej Sunsport,1,
7392600601125,7392600601125,1132,515-050,Zestaw do piłki siatkowej i siatko-nogi SunSport,3,
zestaw-do-badmintona-dwie-rakietki-i-dwie-lotki,,1135,514-010,Zestaw do Badmintona (dwie rakietki i dwie lotki),2,"no EAN, name used"
7392601114303,7392601114303,1137,411-430,Frisbee Dysk latający Sky Rider 140,2,
7392601114204,7392601114204,1138,411-420,Frisbee Dysk Latający Sky Rider 100,2,
7392601115003,7392601115003,1139,411-500,Frisbee dysk świecący,1,
7392601114150,7392601114150,1140,411-415,Frisbee Dysk latający Neon soft,2,
7392601160850,7392601160850,1143,516-085,Sunsport Tablica z obręczą do koszykówki,1,
8715839051872,8715839051872,1144,51.07.00.43,Komplet pedałów do dużych gokartów BERG (FP-829),1,
8715839053340,8715839053340,1150,51.31.01.50,Dętka 300x8 (350/100x8) do gokartów BERG,1,
8715839056273,8715839056273,1155,43.42.00.97,Koło 460/165-8 do gokarta Gran Tour F Off road BERG,1,
latawiec-vichy-diamond,,1161,12586,Latawiec Vichy diamond,1,"no EAN, name used"
latawiec-dwulinkowy-wicky-didakites,,1162,23118,Latawiec dwulinkowy Wicky Didakites,1,"no EAN, name used"
latawiec-dwulinkowy-bee-didakites,,1163,23111,Latawiec dwulinkowy Bee Didakites,1,"no EAN, name used"
latawiec-arrow,,1166,15210,Latawiec Arrow,2,"no EAN, name used"
5413858125606,5413858125606,1167,12560,Latawiec jednolinkowy dla dzieci Funny Diamond Didakites,5,
5413858138064,5413858138064,1169,13806,Latawiec Delta 806,1,
541385821170,541385821170,1171,21117,Dwulinkowy Latawiec Pacyfic 120 Didakites 6+,1,
latawiec-surf-kid-delta,,1173,13813,Latawiec Surf Kid Delta,2,"no EAN, name used"
latawiec-delta-2000-didakites-4,,1174,13160,Latawiec Delta 2000 Didakites 4+,1,"no EAN, name used"
5413858138170,5413858138170,1175,13817,Latawiec Delta Alien,2,
latawiec-dwulinkowy-akrobacyjny-supersonic-01-8,,1176,23157,Latawiec dwulinkowy akrobacyjny Supersonic 01 8+,2,"no EAN, name used"
5413858163455,5413858163455,1177,16345,Latawiec Tropical Butterfly,1,
8717703020274,8717703020274,1185,42.22.12.00,Bramka piłkarska aluminiowa Scala 220x120 cm Exit,7,
8715839074581,8715839074581,1190,51.30.72.51,"Kapsle, zaślepki do siatki deluxe trampoliny Berg",0,NO IMAGES
8715839058260,8715839058260,1191,51.07.00.64,"Łącznik drążka kierowniczego z ramą XL, łącznik drążka gokart BERG",1,
8715839050509,8715839050509,1202,56.67.10.10,Tylna ośka do gokarta Buzzy Berg,2,
8717775441694,8717775441694,1208,GA169,Rakietki  z piłeczką Buiten Speel,1,
gra-planszowa-backgammon-buiten-speel,,1209,GA207,Gra planszowa Backgammon Buiten Speel,2,"no EAN, name used"
8715839057362,8715839057362,1238,35.90.03.00,Platforma do drabinki do trampolin Berg,1,
8715839051568,8715839051568,1244,51.30.14.12,Champion - mata do skakania Tattoo 430 (TwinSpring system),1,
8718469462278,8718469462278,1253,23.96.10.00,Klakson sygnał do gokarta Foxy Exit,2,
8717703020434,8717703020434,1262,42.90.20.00,Zestaw mocujący do bramki Scala Exit 2 szt,2,
8717703020441,8717703020441,1263,42.90.60.00,Obciążenie ciężarek do bramki Scala Exit 25 kg,2,
83428201092,83428201092,1265,81091-blue,Oball aktywna rączka 15 cm niebieski,2,
885470060136,885470060136,1267,PT6013,Stacja paliwowa drewniana Plan Toys,1,
8854740014160,8854740014160,1268,PT1416,Krokodyl tęczowy Plan Toys,1,
8717703020373,8717703020373,1282,23.96.50.00,Flaga do gokarta Foxy Exit,3,
8715839064285,8715839064285,1303,18.24.30.00,BERG Przyczepka do gokartów Buzzy z hakiem,2,
8715839062908,8715839062908,1304,18.08.02.00,Stalowa przyczepko-wywrotka do gokartów BERG,2,
8715839064377,8715839064377,1306,07.12.01.00,Gokart na pedały trójkołowiec Berg Chopper BFR,2,
8215839050986,8215839050986,1310,07.10.12.00,Gokart na pedały dla dorosłych BERG Extra Sport BFR czerwony,5,
8715839064605,8715839064605,1338,07.45.09.00,Gokart elektryczny na pedały BERG Hybrid E-BFR niebieski,2,
8715839063943,8715839063943,1347,37.54.00.00,Trampolina BERG InGround Elite 430 czerwona,7,
8715839065404,8715839065404,1352,24.50.00.00,Gokart dla dzieci BERG GO² niebieski,4,
8715839064339,8715839064339,1354,24.50.02.00,Gokart na pedały BERG GO² miętowy,5,
8715839051469,8715839051469,1376,51.30.02.00,Sprężyny do trampoliny Favorit Goldspring Solo 19 cm 10 szt,1,
8715839066111,8715839066111,1380,51.07.00.83,Podkładka do gokartów Duo Chopper i Grantour BERG,1,
8719743258440,8719743258440,1383,23.10.30.00,Gokart na pedały Foxy Expedition Exit zielony,2,
845423016074,845423016074,1389,RZ20073666,Razor Hulajnoga 3 kołowa T3 Różowa,6,
845423018290,845423018290,1392,RZ13073005,"Razor Hulajnoga A5 \""Air\"" - Czarna - koła pompowane",6,
845423010652,845423010652,1394,RZ13073042,Razor Hulajnoga A5 Lux - Niebieska,5,
845423016630,845423016630,1397,RZ13073064,Razor Hulajnoga A5 Lux - Różowa,5,
845423009595,845423009595,1414,RZ13073061,Razor Hulajnoga A125 GS - Czerwona,2,
845423009618,845423009618,1415,RZ13072242,Razor Hulajnoga A125 GS - Niebieska,4,
8719743258464,8719743258464,1426,23.40.30.00,Gokart na pedały Spider Expedition Skelter EXIT zielony,1,
8715839051704,8715839051704,1466,51.07.00.26,Zestaw drążków kierowniczych do ramy XL,2,
8715839066586,8715839066586,1492,24.40.40.00,Gokart na pedały Berg Rally Pearl,2,
8715839065725,8715839065725,1494,16.50.00.00,Berg Go2 uchwyt rączka do prowadzenia rowerka,2,
8715839068207,8715839068207,1498,24.20.64.01,gokart na pedały Berg Buddy Lua,2,
8715839066661,8715839066661,1499,24.30.12.00,Gokart na pedały BERG Buzzy Sahara,6,
8715839066678,8715839066678,1500,24.30.13.00,Gokart na pedały BERG Buzzy Rubicon,4,
8719874703390,8719874703390,1507,30.12.10.00,Basen ogrodowy EXIT 300x76 kamienny z pompą filtrującą,8,
8715839062007,8715839062007,1509,24.60.00.00,Gokart na pedały BERG Reppy Rider,5,
8715839051759,8715839051759,1536,51.07.00.31,Zębatka z korbami i pedałami 140 36T,3,
8715839056228,8715839056228,1537,51.29.00.26,Zębatka z korbami i pedałami 140 28T Do Gran Tour,2,
8719874706308,8719874706308,1543,43.20.10.00,Bramka treningowa trenażer TEMPO rebounder EXIT 100x100 cm,9,
8719874706315,8719874706315,1544,43.20.12.00,Bramka treningowa trenażer TEMPO rebounder EXIT 120x120 cm,2,
8715839051803,8715839051803,1550,51.07.00.36,Zestaw elementów plastikowych do XL ramy do gokarta,1,
8715839061796,8715839061796,1556,51.07.00.73,Rama XL - Zestaw montażowy Rama Duo Chopper,1,
8719874706292,8719874706292,1561,51.10.30.00,Drewniana kuchnia dla dzieci do ogrodu EXIT Yummy 300,13,
8715839041170,8715839041170,1566,56.62.61.01,Rally chłodnica BERG,1,
8719874704335,8719874704335,1574,46.11.10.00,Ścienna tablica do koszykówki EXIT Galaxy - edycja czarna,4,
8715839036459,8715839036459,1577,56.30.03.01,Trójkątny zaczep do maty do skakania 46mm (10X),1,
8715839036657,8715839036657,1578,56.39.32.00,ŚRUBY I CHWYTAKI DO CHOPPERA,1,
8715839064742,8715839064742,1579,51.67.18.03,BUZZY - ZESTAW MONTAŻOWY DLA PRZYCZEPY S,1,
8715839041187,8715839041187,1582,56.62.62.01,Fotel do gokarta na pedały Rally Orange,1,
8715839066074,8715839066074,1584,56.01.10.20,Śruby do mechanizmu korbowego do gokartów na pedały BERG,1,
8715839037104,8715839037104,1585,56.61.10.26,Zestaw montażowy do gokartów na pedały BERG Compact,1,
8715839044942,8715839044942,1586,15.00.53.00,Wspornik narożnika do pokrywy (4X),1,
8715839028409,8715839028409,1587,50.63.20.01,Osłona koła zamiennego 400,1,
8715839068764,8715839068764,1589,56.07.00.06,Wspornik przedni,1,
8715839028393,8715839028393,1591,50.63.20.02,Osłona koła zamiennego 460,1,
8715839066333,8715839066333,1592,56.62.66.02,Zestaw Osi koła do gokarta na pedały BERG Rally,1,
8715839052046,8715839052046,1593,35.09.07.06,BERG FAVORIT 270 (9FT),1,
8718469462094,8718469462094,1596,40.49.01.00,Bramka do piłki nożnej Flexx Deutschland składana EXIT,0,NO IMAGES
drewniana-hustawka-dla-dzieci-donald-gepetto,,1609,KATB-HK00,Drewniana huśtawka dla dzieci donald Gepetto,8,"no EAN, name used"
zestaw-plastikow-do-gokartow-na-peday-buddy,,1613,56.62.04.01,Zestaw plastików do gokartów na pedały Buddy,1,"no EAN, name used"
8715839056228-dup-1614,8715839056228,1614,56.53.10.59,Pedały z korbami i łańcuchem 140 R 28T do gokartów BERG,1,"duplicate EAN, also product 1537"
8715839018042,8715839018042,1615,15.59.12.00,Uchwyt do flagi do gokartów na pedały BERG,1,
8715839054200,8715839054200,1617,51.07.00.46,Obudowa dolna do gokartów na pedały Berg BFR,1,
8715839054217,8715839054217,1618,51.07.00.47,Obudowa do łańcucha,1,
8715839056235,8715839056235,1620,51.29.00.27,Kierownica do gokarta Berg Gran Tour,1,
8715839053791,8715839053791,1621,51.53.00.00,Przednie sztyce siedzenia (2 sztuki w komplecie) BERG Gran Tour,1,
8715839057652,8715839057652,1622,51.67.00.01,Kierownica do gokatra na pedały BERG Buzzy,1,
8715839051728,8715839051728,1623,51.07.00.28,Wspornik do drążka od kierownicy do gokartów na pedały,1,
8715839036534,8715839036534,1624,56.31.52.00,Zestaw montażowy Berg Race,1,
8715839054095,8715839054095,1625,51.15.00.02,Spoiler Black edition,1,
8715839054583,8715839054583,1626,51.15.00.31,Błotnik tylni czarny do gokarta BERG rama XL,1,
8715839054637,8715839054637,1629,51.15.00.41,"Hak do przyczepki Junior, Buddy, BMW BERG",1,
8715839065749,8715839065749,1637,16.00.01.00,Berg Go2 pasek do noszenia i zawieszenia jeździka,1,
8715839068993,8715839068993,1639,24.61.00.00,Gokart na pedały BERG Reppy BMW,1,
8715839050851,8715839050851,1640,24.30.10.00,Gokart na pedały BERG Buzzy Fiat 500,2,
8715839068320,8715839068320,1641,24.32.00.00,Gokart dla dzieci BERG Buzzy Nitro 2w1,13,
8715839071719,8715839071719,1642,24.32.01.00,Gokart na pedały dla dziewczynki BERG Buzzy Bloom 2w1,2,
8715839070187,8715839070187,1643,24.15.01.01,Gokart chopper dla dzieci BERG Trójkołowiec Choppy Neo,3,
8715839070248,8715839070248,1648,16.00.03.00,Flaga chorągiewka sygnalizacyjna S/M do gokarta Berg Reppy,2,
8715839064230,8715839064230,1650,51.24.40.00,Hamulec postojowy do gokarta na pedały Berg Rally,1,
8718469465897,8718469465897,1659,52.15.05.00,Rabatka ogródek dla dzieci Aksent (L) EXIT,4,
8715839072761,8715839072761,1665,07.10.17.00,Gokart na pedały dla dorosłych BERG X-ite BFR,6,
8720088263198,8720088263198,1676,52.05.80.00,Piaskownica sześciokątna dla dzieci Aksent EXIT 160x40 cm,7,
8720088263013,8720088263013,1678,56.20.09.00,Gra wodna w klasy Sprinqle Exit 150x150 cm,4,
8715839047424,8715839047424,1683,35.74.14.00,"Siatka zabezpieczająca Comfort 430 (14,3 ft) BERG",1,
8715839062328,8715839062328,1684,35.74.12.00,"Siatka zabezpieczająca Comfort 380 (12,5 ft) do trampolin BERG",1,
8715839070385,8715839070385,1685,51.42.00.29,Dętka do gokarty buddy choppy 12x2.5-8 (curved valve),1,
8715839011975,8715839011975,1692,15.31.31.00,Przedni spoiler do gokarta BERG Sun breeze,1,
8715839058413,8715839058413,1694,35.99.43.02,Pokrowiec Basic 430 do trampolin BERG,1,
8715839043587,8715839043587,1700,35.80.12.00,Siatka zabezpieczająca dolna 380 do trampolin BERG,1,
8715839047394,8715839047394,1701,35.74.09.00,Siatka zabezpieczająca Comfort 270 BERG,1,
8720088262566,8720088262566,1709,10.00.75.00,Trampolina dla dzieci Exit Tiggy Junior 140 z uchwytem,8,
8717775441311-dup-1719,8717775441311,1719,puszki-gra-zrecznosciowa-rzucani,Puszki gra zręcznościowa rzucanie w niebieskie puszki Buiten Speel,6,"duplicate EAN, also product 166"
8717775443629,8717775443629,1726,GA362,Gra rzucanie w puszki zwierzęta Buiten Speel,1,
8717775443575,8717775443575,1727,GA357,Chińczyk podróżna gra 2w1 plus gra drabinka Buiten Speel,1,
8717775443445,8717775443445,1728,GA344,Guma do skakania Buiten Speel,2,
8715839045482,8715839045482,1746,15.53.01.00,"GRANTOUR - Pedały z korbami i łańcuchem 140, 22T + łańcuch (2X)",1,
8715839050943,8715839050943,6540,07.10.22.00,Berg XL B.Super Blue BFR,6,
8715839063486,8715839063486,6541,07.10.23.00,Berg XL B.Super Red BFR,6,
8715839075328,8715839075328,10916,24.60.04.00,Gokart dla dzieci BERG Reppy Roadster,6,
8715839059748,8715839059748,10954,18.07.50.00,Rama do wózka plażowego dla dzieci L BERG,1,
8720088262511,8720088262511,10959,10.00.70.40,Trampolina EXIT Tiggy dla dziecka 3+ z siatką zabezpieczającą ø140cm czarno/żółta,10,
8715839044058,8715839044058,10986,56.30.05.10,Sprężyny do trampoliny Goldspring+ (10x),1,
8715839079029,8715839079029,11033,07.10.24.00,Berg XL B.Super Yellow BFR,6,
8715839080728,8715839080728,11208,24.30.07.00,Gokart dla dzieci BERG Buzzy Galaxy,5,
8715839077766,8715839077766,11259,24.75.31.00,Rowerek biegowy BERG Biky City Czerwony,5,
8715839077759,8715839077759,11260,24.75.30.00,BERG Rowerek biegowy Biky City Zielony,6,
8715839077797,8715839077797,11277,24.75.70.00,Rowerek biegowy BERG Biky Cross zielony,5,
8717703020205,8717703020205,11280,12.93.10.00,Trampolina EXIT Silhouette ø305cm - czarna,7,
4260237362166,4260237362166,11295,BF216,Mebel muzyczny BAFF Cajon Stołek perkusyjny Pirate Box,4,
4260237364115,4260237364115,11296,BF411,Mebel muzyczny BAFF Cajon Stołek perkusyjny,6,
8715839080711,8715839080711,11357,24.20.33.00,Gokart dla dzieci Berg Buddy Lime,4,
8715839070927,8715839070927,11781,35.11.37.00,Trampolina BERG Favorit 330 z siatką Comfort,11,
8715839078039,8715839078039,11782,32.25.62.31,BERG Ultim Favorit Regular 280 Szary + Siatka ochronna Comfort,1,
8715839084238,8715839084238,11783,35.41.95.03,Trampolina BERG Champion 330 z siatką Deluxe czarną,8,
8715839072082,8715839072082,11784,35.44.99.02,Trampolina BERG Champion 430 z siatką Deluxe szara,7,
8715839086102,8715839086102,11787,24.30.22.00,Gokart na pedały dla dzieci policja BERG Buzzy,1,
8715839080834,8715839080834,11790,51.24.20.33,Kierownica BERG Buddy 2.0 B-Orange do gokarta,1,
8715839066104,8715839066104,11791,51.24.00.03,Kierownica do gokatra na pedały BERG Rally,1,
8715839050998,8715839050998,11794,07.10.20.00,Berg XL B.Pure Blue BFR,6,
8715839080711-dup-11827,8715839080711,11827,24.20.32.00,Gokart dla dzieci Berg Buddy Blue,1,"duplicate EAN, also product 11357"
8715839060126,8715839060126,11828,51.24.20.22,Tuleja kolumny kierownicy,1,
8715839054590,8715839054590,11830,51.15.00.32,Błotniki tylne XL X-plore,1,
8715839054590-dup-11831,8715839054590,11831,51.15.00.29,Błotniki przód XL X-plore,1,"duplicate EAN, also product 11830"
8715839090611,8715839090611,11839,24.77.09.00,Hulajnoga Berg Nexo,1,
8715839090536,8715839090536,11840,24.77.01.00,Hulajnoga Berg Nexo,1,
8715839090536-dup-11841,8715839090536,11841,24.77.02.00,Hulajnoga Berg Nexo,1,"duplicate EAN, also product 11840"
8715839090529,8715839090529,11842,24.77.00.00,Hulajnoga Berg Nexo,1,
8715839076028,8715839076028,11843,24.50.07.00,Gokart na pedały dla dzieci różowy BERG GO²,1,
8715839075380,8715839075380,11844,51.67.00.74,Koło 9x2 Cross,1,
5413858655306,5413858655306,12298,68530,Latawiec Hobby Kite Box,1,
7290115141764,7290115141764,12299,6545,Kalejdoskop do składania 5+ Stanley Junior,1,
7290115142488,7290115142488,12300,701,Samolot do składania Black & Decker,1,
7290115142495,7290115142495,12301,700,Helikopter do składania Black & Decker,1,
7290115142501,7290115142501,12302,699,Motocykl do składania Black & Decker,1,
7290115142518,7290115142518,12303,698,Samochód terenowy do składania Black & Decker,1,
7290115142389,7290115142389,12304,697,Samolot do składania Black & Decker,1,
7290115142396,7290115142396,12305,696,Samochód wyścigowy Black & Decker,1,
7290115142419,7290115142419,12306,695,Wózek widłowy Black & Decker,1,
7290115142433,7290115142433,12307,694,Zestaw ATV Black & Decker,1,
7290115142457,7290115142457,12308,693,Wyścigówka do składania Black & Decker,1,
7290016261691,7290016261691,12309,374,Skrzynka narzędziowa Stanley Jr + narzędzia,3,
7290115141283,7290115141283,12310,373,Zestaw do składania - Wywrotka Classic,1,
7290017511146,7290017511146,12311,372,Zestaw do składania - Koparka XL,3,
7290016261080,7290016261080,12312,381,Samochód policyjny Stanley Jr radiowóz zestaw,5,
7290016261073,7290016261073,12313,380,Samochód terenowy Stanley Jr jeep zestaw,5,
7290016261264,7290016261264,12314,379,Wózek widłowy Stanley Jr zestaw do złożenia,6,
7290014259966,7290014259966,12315,378,Samolot z napędem Stanley Jr zestaw,5,
7290016261035,7290016261035,12316,377,Karmnik dla ptaków Stanley Jr zestaw do złożenia,5,
7290016261110,7290016261110,12317,376,Samochód sportowy z napędem Stanley Jr zestaw,5,
7290016261097,7290016261097,12318,375,Betoniarka Stanley Jr zestaw do złożenia,5,
7290115141306,7290115141306,12319,140,Zestaw do składania - Betoniarka Classic,2,
7290115141320,7290115141320,12320,139,Zestaw do składania - Spychacz Classic,1,
7290115141979,7290115141979,12321,137,Zestaw 3 Pojazdów STEM Mini,1,
7290115141542,7290115141542,12322,136,Zestaw 4 Pojazdów STEM Mini + Wkrętarka,1,
7290115141962,7290115141962,12323,135,Zestaw 2 Pojazdów STEM Mini,1,
7290115140477,7290115140477,12324,88,Domek dla ptaków Stanley Jr + narzędzia ogrodowe,1,
7290016261318,7290016261318,12325,87,Zestaw Karmnik dla Ptaków + Narzędzia Stanley Junior,2,
7290115141290,7290115141290,12326,83,Zestaw do składania - Koparka Classic,1,
7290017511139,7290017511139,12327,53,Zestaw do składania - Walec drogowy XL,4,
7290017511108,7290017511108,12328,52,Zestaw do składania - Betoniarka XL,5,
7290017511085,7290017511085,12329,51,Zestaw do składania - Spychacz XL,5,
7290017511948,7290017511948,12330,50,"Zestaw 3 w 1 - Koparka, Walec, Wózek widłowy",5,
7290017511085-dup-12331,7290017511085,12331,49,Zestaw do składania - Wywrotka XL,4,"duplicate EAN, also product 12329"
7290016261851,7290016261851,12332,48,Skarbonka Skrzynia Skarbów,5,
7290115140484,7290115140484,12333,44,Zestaw narzędzi ogrodniczych Stanley Jr 14 sztuk,5,
7290016261660,7290016261660,12334,43,Rękawice robocze dla dzieci Stanley Jr,2,
7290115140415,7290115140415,12336,39,Zestaw 3 narzędzi ogrodniczych Stanley Jr,7,
7290016261998,7290016261998,12337,37,Zestaw narzędzi ogrodniczych Stanley Jr 10 sztuk,6,
7290115140217,7290115140217,12338,36,Zestaw narzędzi dla dzieci Stanley Jr rękawice pas gogle młotek oraz śrubokręt,2,
7290016261028,7290016261028,12339,34,Wywrotka Stanley Jr zestaw do złożenia,4,
7290014259942,7290014259942,12340,33,Ciężarówka katapultowa Stanley Jr zestaw,5,
7290016261677,7290016261677,12341,23,Pas narzędziowy dla dzieci Stanley Jr regulowany,4,
7290017511900,7290017511900,12342,21,Domek dla ptaków Stanley Jr + narzędzia dla dzieci,4,
7290016261622,7290016261622,12343,19,Stół warsztatowy dla dzieci Stanley Jr zabawka,2,
7290017511160,7290017511160,12344,18,Zestaw samochodów i narzędzi Stanley Jr 7-cz.,8,
7290017511504,7290017511504,12345,17,Zestaw samochodów i narzędzi Stanley Jr 5-cz.,3,
8715839045208,8715839045208,12347,18.07.17.01,BERG Wózek plażowy XL,1,
8715839092035,8715839092035,12348,18.07.18.00,Wózek plażowy BERG XL czarny,1,
8715839092028,8715839092028,12349,18.07.12.00,BERG Wózek plażowy L Czarny,1,
8715839078909,8715839078909,12350,16.00.04.00,BERG Kask S,1,
8715839081992,8715839081992,12351,24.40.02.00,BERG Rally APX Blue,3,
8715839081893,8715839081893,12352,24.61.01.00,BERG Reppy GP,1,
8715839065930,8715839065930,12353,24.60.01.00,Reppy Racer Berg,1,
8715839066623,8715839066623,12355,18.24.60.00,Przyczepa BERG M,1,
8715839026955,8715839026955,12356,24.21.34.02,Jeep® Junior Berg,1,
8715839082012,8715839082012,12357,24.40.01.00,BERG Rally NRG pomarańczowy,1,
8715839067705,8715839067705,12358,24.20.60.03,Buddy B-orange,1,
8715839062472,8715839062472,12359,24.20.65.01,Buddy Cross,1,
5903899244232,5903899244232,12360,MAXISOFAG,Maxi sofka zielona,1,
sofa-piankowa-rozkadana-dla-dzieci-materac-czerwona-gepetto,,12361,MAXISOFAC,Sofa piankowa rozkładana dla dzieci materac czerwona Gepetto,1,"no EAN, name used"
8715839076387,8715839076387,12362,24.10.01.00,BERG Street-X Venom,2,
olej-z-24-karatowym-zotem-istiren,,12363,I24O,Olej z 24 karatowym złotem ISTIREN,1,"no EAN, name used"
olejek-do-ciaa-treasure-of-africa-100-ml,,12364,AIO,Olejek do ciała Treasure of Africa 100 ml,1,"no EAN, name used"
naturalny-mus-z-mlekiem-oslim-aspar-50-ml,,12365,MO,Naturalny mus z mlekiem oślim ASPAR 50 ml,1,"no EAN, name used"
naturalne-maso-z-betakarotenem-toka,,12366,TOK,Naturalne masło z betakarotenem TOKA,1,"no EAN, name used"
mus-do-twarzy-i-ciaa-peach-amber,,12367,PAM,Mus do twarzy i ciała Peach & Amber,1,"no EAN, name used"
mydo-organiczne-istiren-na-sznurku-140-g,,12368,MIS,Mydło organiczne Istiren na sznurku 140 g,1,"no EAN, name used"
mydo-organiczne-mleko-jasmin-140-g,,12369,MOJ,Mydło organiczne Mleko & jasmin 140 g,1,"no EAN, name used"
mus-do-twarzy-i-ciaa-treasure-of-africa,,12370,MTFA,Mus do twarzy i ciała Treasure of Africa,1,"no EAN, name used"
mus-ze-zotem-istiren-180-ml,,12371,MZI,Mus ze złotem ISTIREN 180 ml,1,"no EAN, name used"
8715839050981,8715839050981,12372,07.10.05.00,BERG XL Black Edition BFR,1,
8715839058604,8715839058604,12373,51.24.20.09,Przekładnia BF-R do Buddy/Rally,1,
5905943092103,5905943092103,12374,,Łóżko modułowe do samochodu minicamper,8,
8715839090819,8715839090819,12375,24.74.72.00,BERG Biky Trail Green,1,
8715839086089,8715839086089,12377,24.41.03.00,Gokart na Pedały RALLY DRT Yellow BFR-3,1,
8715839082005,8715839082005,12379,24.41.02.00,Gokart na Pedały RALLY APX Red BFR-3,1,
8718469463794,8718469463794,12380,41.00.20.00,EXIT Bramki do gry w piłkę nożną zestaw Pico 2 sztuki,1,
8718469462148,8718469462148,12381,41.03.10.00,Bramka Maestro,2,
8718469462124,8718469462124,12382,41.05.10.00,Bramka Coppa,2,
8718469463916,8718469463916,12383,46.40.10.00,Tablica do koszykówki EXIT Galaxy - zielono/czarna,1,
8719874706278,8719874706278,12384,51.10.10.00,EXIT Yummy 100 drewniana kuchnia ogrodowa - naturalna,3,
8718469467143,8718469467143,12385,41.07.10.00,Bramka piłkarska EXIT Finta stalowa 300x200cm - czarna,3,
8719874706346,8719874706346,12386,41.20.30.00,Bramka piłkarska stalowa EXIT Tempo 300x200cm - zielono/czarna,1,
8719874706322,8719874706322,12387,41.20.18.00,Bramka piłkarska stalowa EXIT Tempo 180x120cm - zielono/czarna,1,
8719874706285,8719874706285,12388,51.10.20.00,EXIT Yummy 200 drewniana kuchnia ogrodowa - naturalna,3,
9788376492216,9788376492216,12389,BSK,Bliżej siebie (książka + karty KIS) Bożena Strychowska,1,
9788376492230,9788376492230,12390,WKA,Wyrocznia Kronik Akaszy,1,
9788389375308,9788389375308,12391,TTK,Karty przemiany - Osho - książka + 60 kart,1,
9788376491554,9788376491554,12392,MWW,Medycyna wielowymiarowa,1,
9788376490458,9788376490458,12393,WŚD,W świecie duchów natury,1,
9788360528785,9788360528785,12394,AWW,Anielska wyrocznia. Wsparcie Aniołów (+36 kart),1,
9788386757725,9788386757725,12395,OZTK,Osho Zen Tarot Książka + Karty osho,1,
5901549903041,5901549903041,12396,KPI,Karty Pozytywnej Inspiracji,1,
8715839070460,8715839070460,12397,24.50.04.00,BERG Go2 Sparx Yellow,3,
