ean,qty,status,name,photos
8715839011975,8,matched,Przedni spoiler do gokarta BERG Sun breeze,1
8718469469215,7,unmatched,,0
8719874704397,7,unmatched,,0
8715839025118,5,matched,Rowerek biegowy BERG Biky biały,4
8715839066678,4,matched,Gokart na pedały BERG Buzzy Rubicon,4
8718469463886,4,unmatched,,0
8718469463978,3,unmatched,,0
8715839029161,2,matched,Obudowa łańcucha do gokartów BERG (do roku 2014),1
8715839054095,2,matched,Spoiler Black edition,1
8715839059434,2,unmatched,,0
8715839062908,2,matched,Stalowa przyczepko-wywrotka do gokartów BERG,2
8715839066630,2,unmatched,,0
8715839081893,2,matched,BERG Reppy GP,1
8715839085334,2,unmatched,,0
8718469463985,2,unmatched,,0
8719743251816,2,unmatched,,0
8719874706377,2,unmatched,,0
8715839047394,1,matched,Siatka zabezpieczająca Comfort 270 BERG,1
8715839047424,1,matched,"Siatka zabezpieczająca Comfort 430 (14,3 ft) BERG",1
8715839050851,1,matched,Gokart na pedały BERG Buzzy Fiat 500,2
8715839052343,1,matched,Boczne osłony do gokartów BERG Race BFR/BFR-3,1
8715839056723,1,unmatched,,0
8715839062007,1,matched,Gokart na pedały BERG Reppy Rider,5
8715839066661,1,matched,Gokart na pedały BERG Buzzy Sahara,6
8715839067644,1,unmatched,,0
8715839075991,1,unmatched,,0
8715839077766,1,matched,Rowerek biegowy BERG Biky City Czerwony,5
8715839080728,1,matched,Gokart dla dzieci BERG Buzzy Galaxy,5
8715839085341,1,unmatched,,0
8718469466245,1,unmatched,,0
8718469466269,1,unmatched,,0
8719743252875,1,unmatched,,0
190403-046417,1,"BAD-SCAN (serial/date code, re-scan EAN)",,0
210716-080253,1,"BAD-SCAN (serial/date code, re-scan EAN)",,0
210921-090560,1,"BAD-SCAN (serial/date code, re-scan EAN)",,0
210921-090586,1,"BAD-SCAN (serial/date code, re-scan EAN)",,0
230331-116754,2,"BAD-SCAN (serial/date code, re-scan EAN)",,0
